Name categories,Links categories,Title of the book,Book link,Cover of the book,UPC,product_type,price_excl_tax,price_incl_tax,tax,available_in_stock,number_of_review,synopsis
Childrens,https://books.toscrape.com/catalogue/category/books/childrens_11/index.html,Birdsong: A Story in ...,https://books.toscrape.com/catalogue/birdsong-a-story-in-pictures_975/index.html,https://books.toscrape.com//media/cache/af/6e/af6e796160fe63e0cf19d44395c7ddf2.jpg,"UPC : 9528d0948525bf5f ,","Product Type : Books ,","Price (excl. tax) : £54.64 ,","Price (incl. tax) : £54.64 ,","Tax : £0.00 ,","Availability : In stock (19 available) ,","Number of reviews : 0 ,","Bring the thrilling story of one red bird to life. When an innocent bird meets two cruel kids, their world is forever changed. But exactly how that change unfolds is up to you, in the tradition of Kamishibai—Japanese paper theater. The wordless story by master cartoonist James Sturm is like a haiku—the elegant images leave space for children to inhabit this timeless tale—a Bring the thrilling story of one red bird to life. When an innocent bird meets two cruel kids, their world is forever changed. But exactly how that change unfolds is up to you, in the tradition of Kamishibai—Japanese paper theater. The wordless story by master cartoonist James Sturm is like a haiku—the elegant images leave space for children to inhabit this timeless tale—and make it their own, leading them to learn an ultimate lesson they'll never forget.James Sturm is the author of several books for kids including the Adventures in Cartooning series (with Andrew Arnold and Alexis Frederick-Frost) and the forthcoming Ape and Armadillo. James also helped start a college for cartoonists, The Center for Cartoon Studies, in the small railroad village of White River Junction, Vermont. ...more"
Childrens,https://books.toscrape.com/catalogue/category/books/childrens_11/index.html,The Bear and the ...,https://books.toscrape.com/catalogue/the-bear-and-the-piano_967/index.html,https://books.toscrape.com//media/cache/cf/bb/cfbb5e62715c6d888fd07794c9bab5d6.jpg,"UPC : 9f6568e9c95f60b0 ,","Product Type : Books ,","Price (excl. tax) : £36.89 ,","Price (incl. tax) : £36.89 ,","Tax : £0.00 ,","Availability : In stock (18 available) ,","Number of reviews : 0 ,","One day, a young bear stumbles upon something he has never seen before in the forest. As time passes, he teaches himself how to play the strange instrument, and eventually the beautiful sounds are heard by a father and son who are picnicking in the woods. The bear goes with them on an incredible journey to New York, where his piano playing makes him a huge star. He has fam One day, a young bear stumbles upon something he has never seen before in the forest. As time passes, he teaches himself how to play the strange instrument, and eventually the beautiful sounds are heard by a father and son who are picnicking in the woods. The bear goes with them on an incredible journey to New York, where his piano playing makes him a huge star. He has fame, fortune and all the music in the world, but he misses the friends and family he has left behind. A moving tale of exploration and belonging from an exciting debut author-illustrator. ...more"
Childrens,https://books.toscrape.com/catalogue/category/books/childrens_11/index.html,The Secret of Dreadwillow ...,https://books.toscrape.com/catalogue/the-secret-of-dreadwillow-carse_944/index.html,https://books.toscrape.com//media/cache/c4/a2/c4a2a1a026c67bcceb5a411c724d7d0c.jpg,"UPC : b5ea0b5dabed25a8 ,","Product Type : Books ,","Price (excl. tax) : £56.13 ,","Price (incl. tax) : £56.13 ,","Tax : £0.00 ,","Availability : In stock (16 available) ,","Number of reviews : 0 ,","A princess and a peasant girl must embark on a dangerous quest to outwit a centuries-old warning foretelling the fall of the Monarchy in this modern fairytale. In the center of the verdant Monarchy lies Dreadwillow Carse, a black and desolate bog that the happy people of the land do their best to ignore. Little is known about it, except for one dire warning: If any monarc A princess and a peasant girl must embark on a dangerous quest to outwit a centuries-old warning foretelling the fall of the Monarchy in this modern fairytale.   In the center of the verdant Monarchy lies Dreadwillow Carse, a black and desolate bog that the happy people of the land do their best to ignore. Little is known about it, except for one dire warning: If any monarch enters Dreadwillow Carse, then the Monarchy will fall. Twelve-year-old Princess Jeniah yearns to know what the marsh could possibly conceal that might topple her family’s thousand-year reign of peace and prosperity. Meanwhile, in the nearby town of Emberfell, where everyone lives with unending joy, a girl named Aon hides a sorrow she can never reveal. She knows that something in the carse--something that sings a haunting tune only Aon can hear--holds the cure for her sadness. Yet no matter how many times she tries to enter, the terror-inducing dreadwillow trees keep her away. After a chance meeting, Princess Jeniah and Aon hatch a plan to send Aon into the heart of the carse to unlock its darkest secret. But when Aon doesn’t return, a guilt-stricken Jeniah must enter the carse to try and rescue her friend--even if it means risking the entire Monarchy. ...more"
Childrens,https://books.toscrape.com/catalogue/category/books/childrens_11/index.html,The White Cat and ...,https://books.toscrape.com/catalogue/the-white-cat-and-the-monk-a-retelling-of-the-poem-pangur-ban_865/index.html,https://books.toscrape.com//media/cache/26/32/2632a1e12f2c085fabbe022ae4cd6933.jpg,"UPC : 37c0cb19713d8dda ,","Product Type : Books ,","Price (excl. tax) : £58.08 ,","Price (incl. tax) : £58.08 ,","Tax : £0.00 ,","Availability : In stock (15 available) ,","Number of reviews : 0 ,","A monk leads a simple life. He studies his books late into the evening and searches for truth in their pages. His cat, Pangur, leads a simple life, too, chasing prey in the darkness. As night turns to dawn, Pangur leads his companion to the truth he has been seeking.The White Cat and the Monk is a retelling of the classic Old Irish poem “Pangur Bán.” With Jo Ellen Bogart’s A monk leads a simple life. He studies his books late into the evening and searches for truth in their pages. His cat, Pangur, leads a simple life, too, chasing prey in the darkness. As night turns to dawn, Pangur leads his companion to the truth he has been seeking.The White Cat and the Monk is a retelling of the classic Old Irish poem “Pangur Bán.” With Jo Ellen Bogart’s simple and elegant narration and Sydney Smith’s classically inspired images, this contemplative story pays tribute to the wisdom of animals and the wonders of the natural world. ...more"
Childrens,https://books.toscrape.com/catalogue/category/books/childrens_11/index.html,Little Red,https://books.toscrape.com/catalogue/little-red_817/index.html,https://books.toscrape.com//media/cache/80/25/8025b80a40178f2a6dd4f99ad88e0fba.jpg,"UPC : 4aa03792b50f0b22 ,","Product Type : Books ,","Price (excl. tax) : £13.47 ,","Price (incl. tax) : £13.47 ,","Tax : £0.00 ,","Availability : In stock (15 available) ,","Number of reviews : 0 ,","On her way to Grandmas house, Little Red Riding Hood meets a wolf. Now, that might scare some little girlsbut not this little girl! She knows just what the wolf is up to, and shes not going to let him get away with it. In this updated fairy tale with a mischievous twist, talented newcomer Bethan Woollvin uses sly humor, striking visuals, and a dark irreverence to turn a fa On her way to Grandmas house, Little Red Riding Hood meets a wolf. Now, that might scare some little girlsbut not this little girl! She knows just what the wolf is up to, and shes not going to let him get away with it. In this updated fairy tale with a mischievous twist, talented newcomer Bethan Woollvin uses sly humor, striking visuals, and a dark irreverence to turn a familiar tale on its head. ...more"
Childrens,https://books.toscrape.com/catalogue/category/books/childrens_11/index.html,Walt Disney's Alice in ...,https://books.toscrape.com/catalogue/walt-disneys-alice-in-wonderland_777/index.html,https://books.toscrape.com//media/cache/28/50/2850439c2ba103fb69dba9cd2dd9f0c2.jpg,"UPC : 6a31307a81e8f3a8 ,","Product Type : Books ,","Price (excl. tax) : £12.96 ,","Price (incl. tax) : £12.96 ,","Tax : £0.00 ,","Availability : In stock (14 available) ,","Number of reviews : 0 ,","The fantastical tale of a young girl chasing her White Rabbit has delighted children since Lewis Carroll wrote it generations ago. Here his Wonderland shines anew, viewed through the looking glasses of two incomparable artists.Mary Blair's vibrant art helped shape the look of Walt Disney's classic animated film. Collected in a picture book for the first time, her illustrat The fantastical tale of a young girl chasing her White Rabbit has delighted children since Lewis Carroll wrote it generations ago. Here his Wonderland shines anew, viewed through the looking glasses of two incomparable artists.Mary Blair's vibrant art helped shape the look of Walt Disney's classic animated film. Collected in a picture book for the first time, her illustrations capture the essence of such memorable characters as the Queen of Hearts and the Mad Hatter with stunning immediacy. Jon Scieszka's captivating text celebrates all that is curious-and all that is nonsensical-about the world that holds Alice spellbound, from a deliciously absurd tea party to the spectacle of a kingdom of playing cards . Brimming with wit and wonder, this sparkling retelling will enchant readers from the moment Alice falls down the rabbit hole, whether or not they've made the journey before. ...more"
Childrens,https://books.toscrape.com/catalogue/category/books/childrens_11/index.html,Twenty Yawns,https://books.toscrape.com/catalogue/twenty-yawns_773/index.html,https://books.toscrape.com//media/cache/2b/38/2b380f77723c797c0389f978afa6db58.jpg,"UPC : 1d6443ffba9dfd80 ,","Product Type : Books ,","Price (excl. tax) : £22.08 ,","Price (incl. tax) : £22.08 ,","Tax : £0.00 ,","Availability : In stock (14 available) ,","Number of reviews : 0 ,","Featuring lyrical text and beautiful illustrations, this bedtime tale from Pulitzer Prize winner Jane Smiley and Caldecott Honor recipient Lauren Castillo evokes the splashy fun of the beach and the quietude of a moonlit night, with twenty yawns sprinkled in for children to discover and count.As her mom reads a bedtime story, Lucy drifts off. But later, she awakens in a da Featuring lyrical text and beautiful illustrations, this bedtime tale from Pulitzer Prize winner Jane Smiley and Caldecott Honor recipient Lauren Castillo evokes the splashy fun of the beach and the quietude of a moonlit night, with twenty yawns sprinkled in for children to discover and count.As her mom reads a bedtime story, Lucy drifts off. But later, she awakens in a dark, still room, and everything looks mysterious. How will she ever get back to sleep? ...more"
Childrens,https://books.toscrape.com/catalogue/category/books/childrens_11/index.html,Rain Fish,https://books.toscrape.com/catalogue/rain-fish_728/index.html,https://books.toscrape.com//media/cache/bb/e2/bbe26db72b8a32117bfe4981b7cc8147.jpg,"UPC : a6454e329f872b78 ,","Product Type : Books ,","Price (excl. tax) : £23.57 ,","Price (incl. tax) : £23.57 ,","Tax : £0.00 ,","Availability : In stock (14 available) ,","Number of reviews : 0 ,","Get to know the “rain fish” that come to life during rainstorms in this gorgeous exploration of nature with vibrant collage artwork from the Caldecott Honor–winning illustrator of Chicka Chicka Boom Boom.When blue sky turns gray and it rains all day, sometimes rain fish come out and play. They swim among discards and debris. Do you see them, too? Or is it just me?Through l Get to know the “rain fish” that come to life during rainstorms in this gorgeous exploration of nature with vibrant collage artwork from the Caldecott Honor–winning illustrator of Chicka Chicka Boom Boom.When blue sky turns gray and it rains all day, sometimes rain fish come out and play. They swim among discards and debris. Do you see them, too? Or is it just me?Through lyrical text and her incomparable mixed-media collage illustrations, Lois Ehlert introduces readers to “rain fish”—the varied, colorful, and unique little collections of materials that float along on streams of rain water during storms. From a scrap of newspaper with a seashell eye and feather smile to a piece of cardboard with an orange peel eye and a leaf for a fin, Ehlert’s rain fish come in all shapes and sizes.Complete with an author’s note explaining how Ehlert collected the found materials she used to make the book over the course of a year, Rain Fish is a spirited celebration of imagination, creativity, and observing the world in your own way—and it invites you to discover your own rain fish. ...more"
Childrens,https://books.toscrape.com/catalogue/category/books/childrens_11/index.html,Once Was a Time,https://books.toscrape.com/catalogue/once-was-a-time_724/index.html,https://books.toscrape.com//media/cache/97/12/971212afa8e4ff49d92f678bc889d8b7.jpg,"UPC : e34efcc824685332 ,","Product Type : Books ,","Price (excl. tax) : £18.28 ,","Price (incl. tax) : £18.28 ,","Tax : £0.00 ,","Availability : In stock (14 available) ,","Number of reviews : 0 ,","In the war-ravaged England of 1940, Charlotte Bromley is sure of only one thing: Kitty McLaughlin is her best friend in the whole world. But when Charlotte's scientist father makes an astonishing discovery that the Germans will covet for themselves, Charlotte is faced with an impossible choice between danger and safety. Should she remain with her friend or journey to anoth In the war-ravaged England of 1940, Charlotte Bromley is sure of only one thing: Kitty McLaughlin is her best friend in the whole world. But when Charlotte's scientist father makes an astonishing discovery that the Germans will covet for themselves, Charlotte is faced with an impossible choice between danger and safety. Should she remain with her friend or journey to another time and place? Her split-second decision has huge consequences, and when she finds herself alone in the world, unsure of Kitty's fate, she knows that somehow, some way, she must find her way back to her friend. Written in the spirit of classic time-travel tales, this book is an imaginative and heartfelt tribute to the unbreakable ties of friendship. ...more"
Childrens,https://books.toscrape.com/catalogue/category/books/childrens_11/index.html,Luis Paints the World,https://books.toscrape.com/catalogue/luis-paints-the-world_714/index.html,https://books.toscrape.com//media/cache/85/e7/85e75d5a9309da5807c82decf3d90263.jpg,"UPC : 5b43cae640f2338a ,","Product Type : Books ,","Price (excl. tax) : £53.95 ,","Price (incl. tax) : £53.95 ,","Tax : £0.00 ,","Availability : In stock (14 available) ,","Number of reviews : 0 ,","Luis wishes Nico wasn't leaving for the Army. To show Nico he doesn't need to go, Luis begins a mural on the alleyway wall. Their house, the river, the Parque de las Ardillas—it's the world, all right there. Won't Nico miss Mami's sweet flan? What about their baseball games in the street? But as Luis awaits his brother's return from duty, his own world expands as well, thr Luis wishes Nico wasn't leaving for the Army. To show Nico he doesn't need to go, Luis begins a mural on the alleyway wall. Their house, the river, the Parque de las Ardillas—it's the world, all right there. Won't Nico miss Mami's sweet flan? What about their baseball games in the street? But as Luis awaits his brother's return from duty, his own world expands as well, through swooping paint and the help of their bustling Dominican neighborhood. ...more"
Childrens,https://books.toscrape.com/catalogue/category/books/childrens_11/index.html,Nap-a-Roo,https://books.toscrape.com/catalogue/nap-a-roo_567/index.html,https://books.toscrape.com//media/cache/27/1f/271faa1d7561473974d12803feb1f0a1.jpg,"UPC : 913e7109cec0cb4c ,","Product Type : Books ,","Price (excl. tax) : £25.08 ,","Price (incl. tax) : £25.08 ,","Tax : £0.00 ,","Availability : In stock (9 available) ,","Number of reviews : 0 ,","Finalist, 9th Annual National Indie Excellence Awards Fast, fun, and engaging, this book makes sleepy time special for children and parents alike. Follow the kangaroo through the zoo as he gets ready for a nap-a-roo. Little ones can't get enough of this adorable modern book that centers around naps. With colorful images and imaginative text, this story is easy to fall in l Finalist, 9th Annual National Indie Excellence Awards Fast, fun, and engaging, this book makes sleepy time special for children and parents alike. Follow the kangaroo through the zoo as he gets ready for a nap-a-roo. Little ones can't get enough of this adorable modern book that centers around naps. With colorful images and imaginative text, this story is easy to fall in love with. Children will enjoy taking a nap-a-roo just like the kangaroo. ...more"
Childrens,https://books.toscrape.com/catalogue/category/books/childrens_11/index.html,The Whale,https://books.toscrape.com/catalogue/the-whale_501/index.html,https://books.toscrape.com//media/cache/6c/18/6c18ea03e294bfcfe07cf531c6c5f5b3.jpg,"UPC : 0ff9d10864db8364 ,","Product Type : Books ,","Price (excl. tax) : £35.96 ,","Price (incl. tax) : £35.96 ,","Tax : £0.00 ,","Availability : In stock (7 available) ,","Number of reviews : 0 ,","A wordless epic sea adventureThere is a legend that a Great Spotted Whale lives in the ocean, although a sighting fifty years ago was never corroborated. Now two young whale watchers each set out to find the whale, one armed with sound-recording equipment, the other with a camera. When their boats collide, they pool their resources to capture incontrovertible proof that th A wordless epic sea adventureThere is a legend that a Great Spotted Whale lives in the ocean, although a sighting fifty years ago was never corroborated. Now two young whale watchers each set out to find the whale, one armed with sound-recording equipment, the other with a camera. When their boats collide, they pool their resources to capture incontrovertible proof that the mythical whale exists. The eventual sighting is a magical moment, especially when the children discover that it was their own grandparents who first glimpsed the whale fifty years ago. The Murrows’ spectacular wordless adventure is brought to life with stunning graphite drawings that convey the drama and haunting beauty of the ocean and capture the majesty of the awe-inspiring whale. ...more"
Childrens,https://books.toscrape.com/catalogue/category/books/childrens_11/index.html,"Shrunken Treasures: Literary Classics, ...",https://books.toscrape.com/catalogue/shrunken-treasures-literary-classics-short-sweet-and-silly_484/index.html,https://books.toscrape.com//media/cache/4f/1e/4f1ece2500f8dbacecca42d57befca03.jpg,"UPC : 9639e89d20228e6e ,","Product Type : Books ,","Price (excl. tax) : £52.87 ,","Price (incl. tax) : £52.87 ,","Tax : £0.00 ,","Availability : In stock (7 available) ,","Number of reviews : 0 ,","Nine weighty literary classics are transformed into delectable morsels with Scott Nash’s playful versification and whimsical illustration.Can’t stomach all of Frankenstein? Lacking the strength to read The Odyssey? Don’t have 1,001 nights to get through Scheherazade’s ordeal? Never fear, Shrunken Treasures are here! Nine of the world’s best-known stories and books have bee Nine weighty literary classics are transformed into delectable morsels with Scott Nash’s playful versification and whimsical illustration.Can’t stomach all of Frankenstein? Lacking the strength to read The Odyssey? Don’t have 1,001 nights to get through Scheherazade’s ordeal? Never fear, Shrunken Treasures are here! Nine of the world’s best-known stories and books have been reduced, like slowly simmered cherries, to tart and tasty mouthfuls. Lighthearted verse turns Moby-Dick into a simple nursery song. Outrageous color makes even gloomy Hamlet seem like fun. Riotous images transform Jane Eyre’s ordeal into a whirlwind adventure. The Metamorphosis, Remembrance of Things Past, Don Quixote, and others have all been delivered from dense duty to delightful ditty in Scott Nash’s collection of hallowed classics, featuring notes about the original texts at the end. ...more"
Childrens,https://books.toscrape.com/catalogue/category/books/childrens_11/index.html,Raymie Nightingale,https://books.toscrape.com/catalogue/raymie-nightingale_482/index.html,https://books.toscrape.com//media/cache/8f/66/8f66ec46e671d6fca79649c10c7c8f8a.jpg,"UPC : 31c56c4d0fe19340 ,","Product Type : Books ,","Price (excl. tax) : £34.41 ,","Price (incl. tax) : £34.41 ,","Tax : £0.00 ,","Availability : In stock (7 available) ,","Number of reviews : 0 ,","Raymie Clarke has come to realize that everything, absolutely everything, depends on her. And she has a plan. If Raymie can win the Little Miss Central Florida Tire competition, then her father, who left town two days ago with a dental hygienist, will see Raymie's picture in the paper and (maybe) come home. To win, not only does Raymie have to do good deeds and learn how t Raymie Clarke has come to realize that everything, absolutely everything, depends on her. And she has a plan. If Raymie can win the Little Miss Central Florida Tire competition, then her father, who left town two days ago with a dental hygienist, will see Raymie's picture in the paper and (maybe) come home. To win, not only does Raymie have to do good deeds and learn how to twirl a baton; she also has to contend with the wispy, frequently fainting Louisiana Elefante, who has a show-business background, and the fiery, stubborn Beverly Tapinski, who’s determined to sabotage the contest. But as the competition approaches, loneliness, loss, and unanswerable questions draw the three girls into an unlikely friendship — and challenge each of them to come to the rescue in unexpected ways. ...more"
Childrens,https://books.toscrape.com/catalogue/category/books/childrens_11/index.html,Playing from the Heart,https://books.toscrape.com/catalogue/playing-from-the-heart_481/index.html,https://books.toscrape.com//media/cache/1c/eb/1cebdf525ebe970a1dc3c5a8c50eae6b.jpg,"UPC : 68008abf6409dfde ,","Product Type : Books ,","Price (excl. tax) : £32.38 ,","Price (incl. tax) : £32.38 ,","Tax : £0.00 ,","Availability : In stock (7 available) ,","Number of reviews : 0 ,","Peter H. Reynolds, creator of The Dot, has composed a pitch-perfect tribute to the power of music and the bonds of family.When a young boy begins to play on his family’s piano, reveling in the fun of plunking the keys, his father signs him up for lessons so that he can learn to play properly. With his father’s encouragement, Raj learns notes, then scales, then songs, and Peter H. Reynolds, creator of The Dot, has composed a pitch-perfect tribute to the power of music and the bonds of family.When a young boy begins to play on his family’s piano, reveling in the fun of plunking the keys, his father signs him up for lessons so that he can learn to play properly. With his father’s encouragement, Raj learns notes, then scales, then songs, and finally classical pieces that his father can recognize and be proud of. But the more Raj practices and the more skilled he becomes, the less he enjoys playing, until he grows up and stops playing altogether. But when his father becomes ill and asks Raj to play for him, will Raj remember how to play from the heart? ...more"
Childrens,https://books.toscrape.com/catalogue/category/books/childrens_11/index.html,Maybe Something Beautiful: How ...,https://books.toscrape.com/catalogue/maybe-something-beautiful-how-art-transformed-a-neighborhood_386/index.html,https://books.toscrape.com//media/cache/c0/bb/c0bb6e42743b9c1aaf9b754501100a5d.jpg,"UPC : 81c68492ccd72941 ,","Product Type : Books ,","Price (excl. tax) : £22.54 ,","Price (incl. tax) : £22.54 ,","Tax : £0.00 ,","Availability : In stock (5 available) ,","Number of reviews : 0 ,","What good can a splash of color do in a community of gray? As Mira and her neighbors discover, more than you might ever imagine! Based on the true story of the Urban Art Trail in San Diego, California, Maybe Something Beautiful reveals how art can inspire transformation—and how even the smallest artists can accomplish something big. Pick up a paintbrush and join the celebr What good can a splash of color do in a community of gray? As Mira and her neighbors discover, more than you might ever imagine! Based on the true story of the Urban Art Trail in San Diego, California, Maybe Something Beautiful reveals how art can inspire transformation—and how even the smallest artists can accomplish something big. Pick up a paintbrush and join the celebration!   ...more"
Childrens,https://books.toscrape.com/catalogue/category/books/childrens_11/index.html,The Wild Robot,https://books.toscrape.com/catalogue/the-wild-robot_288/index.html,https://books.toscrape.com//media/cache/bf/db/bfdbf9726621276fc7821d705690dbae.jpg,"UPC : 75fed6a47f69859d ,","Product Type : Books ,","Price (excl. tax) : £56.07 ,","Price (incl. tax) : £56.07 ,","Tax : £0.00 ,","Availability : In stock (3 available) ,","Number of reviews : 0 ,","When robot Roz opens her eyes for the first time, she discovers that she is alone on a remote, wild island. Why is she there? Where did she come from? And, most important, how will she survive in her harsh surroundings? Roz's only hope is to learn from the island's hostile animal inhabitants. When she tries to care for an orphaned gosling, the other animals finally decide When robot Roz opens her eyes for the first time, she discovers that she is alone on a remote, wild island. Why is she there? Where did she come from? And, most important, how will she survive in her harsh surroundings? Roz's only hope is to learn from the island's hostile animal inhabitants. When she tries to care for an orphaned gosling, the other animals finally decide to help, and the island starts to feel like home. Until one day, the robot's mysterious past comes back to haunt her.... ...more"
Childrens,https://books.toscrape.com/catalogue/category/books/childrens_11/index.html,The Thing About Jellyfish,https://books.toscrape.com/catalogue/the-thing-about-jellyfish_283/index.html,https://books.toscrape.com//media/cache/e0/90/e090748ce5a567207aed9185c97eb34b.jpg,"UPC : 3d15714d4d3d15dd ,","Product Type : Books ,","Price (excl. tax) : £48.77 ,","Price (incl. tax) : £48.77 ,","Tax : £0.00 ,","Availability : In stock (3 available) ,","Number of reviews : 0 ,","This stunning debut novel about grief and wonder was an instant New York Times bestseller and captured widespread critical acclaim, including selection as a 2015 National Book Award finalist! After her best friend dies in a drowning accident, Suzy is convinced that the true cause of the tragedy must have been a rare jellyfish sting-things don't just happen for no reason. R This stunning debut novel about grief and wonder was an instant New York Times bestseller and captured widespread critical acclaim, including selection as a 2015 National Book Award finalist! After her best friend dies in a drowning accident, Suzy is convinced that the true cause of the tragedy must have been a rare jellyfish sting-things don't just happen for no reason. Retreating into a silent world of imagination, she crafts a plan to prove her theory--even if it means traveling the globe, alone. Suzy's achingly heartfelt journey explores life, death, the astonishing wonder of the universe...and the potential for love and hope right next door. ...more"
Childrens,https://books.toscrape.com/catalogue/category/books/childrens_11/index.html,The Lonely Ones,https://books.toscrape.com/catalogue/the-lonely-ones_261/index.html,https://books.toscrape.com//media/cache/21/bd/21bdf7ae21476b1debf4aa3eefe6f29d.jpg,"UPC : cf2f27fdf94ba20e ,","Product Type : Books ,","Price (excl. tax) : £43.59 ,","Price (incl. tax) : £43.59 ,","Tax : £0.00 ,","Availability : In stock (3 available) ,","Number of reviews : 0 ,","When your only friend is your own endless imagination, how do you escape your mind and connect to the world around you?With parents too busy to pay her attention, an older brother and sister who would rather spend their time with friends, and peers who oscillate between picking on her and simply ignoring her, it's no wonder that Fain spends most of her time in a world of h When your only friend is your own endless imagination, how do you escape your mind and connect to the world around you? With parents too busy to pay her attention, an older brother and sister who would rather spend their time with friends, and peers who oscillate between picking on her and simply ignoring her, it's no wonder that Fain spends most of her time in a world of her own making. During the day, Fain takes solace in crafting her own fantastical adventures in writing, but in the darkness of night, these adventures come to life as Fain lives and breathes alongside a legion of imaginary creatures. Whether floating through space or under the sea, climbing mountains or traipsing through forests, Fain becomes queen beyond - and in spite of - the walls of her bedroom.In time, Fain begins to see possibilities and friendships emerge in her day-to-day reality. . . yet when she is let down by the one relationship she thought she could trust, Fain must decide: remain queen of the imaginary creatures, or risk the pain that comes with opening herself up to the fragile connections that exist only in the real world? Told in breathless and visual verse, THE LONELY ONES takes readers through the intricate inner workings of a girl who struggles to navigate isolation and finds friendship where she least expects it. ...more"
Childrens,https://books.toscrape.com/catalogue/category/books/childrens_11/index.html,The Day the Crayons ...,https://books.toscrape.com/catalogue/the-day-the-crayons-came-home-crayons_241/index.html,https://books.toscrape.com//media/cache/ec/08/ec08efebaa33a403e54080b48c139794.jpg,"UPC : b22362b434e8ee62 ,","Product Type : Books ,","Price (excl. tax) : £26.33 ,","Price (incl. tax) : £26.33 ,","Tax : £0.00 ,","Availability : In stock (3 available) ,","Number of reviews : 0 ,","The companion to the #1 blockbuster bestseller, The Day the Crayons Quit! I'm not sure what it is about this kid Duncan, but his crayons sure are a colorful bunch of characters! Having soothed the hurt feelings of one group who threatened to quit, Duncan now faces a whole new group of crayons asking to be rescued. From Maroon Crayon, who was lost beneath the sofa cushions The companion to the #1 blockbuster bestseller, The Day the Crayons Quit! I'm not sure what it is about this kid Duncan, but his crayons sure are a colorful bunch of characters! Having soothed the hurt feelings of one group who threatened to quit, Duncan now faces a whole new group of crayons asking to be rescued. From Maroon Crayon, who was lost beneath the sofa cushions and then broken in two after Dad sat on him; to poor Turquoise, whose head is now stuck to one of Duncan's stinky socks after they both ended up in the dryer together; to Pea Green, who knows darn well that no kid likes peas and who ran away—each and every crayon has a woeful tale to tell and a plea to be brought home to the crayon box. Drew Daywalt and Oliver Jeffers have combined to create a companion book every bit as funny and kid-friendly as the #1 bestselling The Day the Crayons Quit.Praise for The Day the Crayons Quit The #1 New York Times bestselling phenomenon — over 80 weeks on the bestseller list!Winner of the E.B. White Read-Aloud Award Amazon’s 2013 Best Picture Book of the Year A Barnes & Noble Best Book of 2013 Goodreads’ 2013 Best Picture Book of the Year  * “Hilarious . . . Move over, Click, Clack, Moo; we’ve got a new contender for the most successful picture-book strike.” –BCCB, starred review  “Jeffers . . . elevates crayon drawing to remarkable heights.” –Booklist “Fresh and funny.” –The Wall Street Journal ""This book will have children asking to have it read again and again.” –Library Media Connection * “This colorful title should make for an uproarious storytime.” –School Library Journal, starred review  * “These memorable personalities will leave readers glancing apprehensively at their own crayon boxes.” –Publishers Weekly, starred review  “Utterly original.” –San Francisco Chronicle ...more"
Childrens,https://books.toscrape.com/catalogue/category/books/childrens_11/page-2.html,The Cat in the ...,https://books.toscrape.com/catalogue/the-cat-in-the-hat-beginner-books-b-1_235/index.html,https://books.toscrape.com//media/cache/9b/f1/9bf106306301a44635aa7bd381c84e4d.jpg,"UPC : b7f475238ed50429 ,","Product Type : Books ,","Price (excl. tax) : £16.26 ,","Price (incl. tax) : £16.26 ,","Tax : £0.00 ,","Availability : In stock (3 available) ,","Number of reviews : 0 ,","Join the Cat in the Hat as he makes learning to read a joy! It’s a rainy day and Dick and Sally can’t find anything to do . . . until the Cat in the Hat unexpectedly appears and turns their dreary afternoon into a fun-filled extravaganza! This beloved Beginner Book by Dr. Seuss, which also features timeless Dr. Seuss characters such as Fish and Thing 1 and Thing 2, is fun Join the Cat in the Hat as he makes learning to read a joy! It’s a rainy day and Dick and Sally can’t find anything to do . . . until the Cat in the Hat unexpectedly appears and turns their dreary afternoon into a fun-filled extravaganza! This beloved Beginner Book by Dr. Seuss, which also features timeless Dr. Seuss characters such as Fish and Thing 1 and Thing 2, is fun to read aloud and easy to read alone. Written using 236 different words that any first or second grader can read, it’s a fixture in home and school libraries and a favorite among parents, beginning readers, teachers, and librarians.Originally created by Dr. Seuss, Beginner Books encourage children to read all by themselves, with simple words and illustrations that give clues to their meaning. ...more"
Childrens,https://books.toscrape.com/catalogue/category/books/childrens_11/page-2.html,Red: The True Story ...,https://books.toscrape.com/catalogue/red-the-true-story-of-red-riding-hood_210/index.html,https://books.toscrape.com//media/cache/70/4e/704e81b05e56dd84ecf607ea283952db.jpg,"UPC : 4c8ece50736f9e88 ,","Product Type : Books ,","Price (excl. tax) : £28.54 ,","Price (incl. tax) : £28.54 ,","Tax : £0.00 ,","Availability : In stock (3 available) ,","Number of reviews : 0 ,","""Red is the most wonder-filled fairy tale of them all!”—Chris Grabenstein, New York Times Bestselling author of Escape from Mr. Lemoncello's Library. Red is not afraid of the big bad wolf.She’s not afraid of anything . . . except magic. But when Red’s granny falls ill, it seems that only magic can save her, and fearless Red is forced to confront her one weakness. With the ""Red is the most wonder-filled fairy tale of them all!”—Chris Grabenstein, New York Times Bestselling author of Escape from Mr. Lemoncello's Library. Red is not afraid of the big bad wolf. She’s not afraid of anything . . . except magic. But when Red’s granny falls ill, it seems that only magic can save her, and fearless Red is forced to confront her one weakness. With the help of a blond, porridge-sampling nuisance called Goldie, Red goes on a quest to cure Granny. Her journey takes her through dwarves’ caverns to a haunted well and a beast’s castle. All the while, Red and Goldie are followed by a wolf and a huntsman—two mortal enemies who seek the girls’ help to defeat each other. And one of them just might have the magical solution Red is looking for. . . . Liesl Shurtliff weaves a spellbinding tale, shining the spotlight on a beloved character from her award-winning debut, Rump.    And don't miss Jack: The True Story of Jack and the Beanstalk, ""a delightful story of family, perseverance and courage"" (Booklist).From the Hardcover edition. ...more"
Childrens,https://books.toscrape.com/catalogue/category/books/childrens_11/page-2.html,Horrible Bear!,https://books.toscrape.com/catalogue/horrible-bear_168/index.html,https://books.toscrape.com//media/cache/d2/63/d26337dee5c0b13b56b7aea59d611570.jpg,"UPC : cc1ac978a6835ef6 ,","Product Type : Books ,","Price (excl. tax) : £37.52 ,","Price (incl. tax) : £37.52 ,","Tax : £0.00 ,","Availability : In stock (3 available) ,","Number of reviews : 0 ,","The New York Times-bestselling duo behind Wolfie the Bunny presents a hilarious new book about accidents, outbursts, manners...and the power of saying ""I'm sorry.""Bear didn't mean to break a little girl's kite, but she's upset anyway--upset enough to shout ""HORRIBLE BEAR!"" Bear is indignant. He doesn't think he's horrible! Then Bear gets a truly Horrible Bear idea. What The New York Times-bestselling duo behind Wolfie the Bunny presents a hilarious new book about accidents, outbursts, manners...and the power of saying ""I'm sorry.""Bear didn't mean to break a little girl's kite, but she's upset anyway--upset enough to shout ""HORRIBLE BEAR!"" Bear is indignant. He doesn't think he's horrible! Then Bear gets a truly Horrible Bear idea. What will he do next? As Bear prepares to live up to his formerly undeserved reputation, the girl makes a mistake of her own, and realizes that maybe--just maybe--Bear isn't as horrible as she had thought. ...more"
Childrens,https://books.toscrape.com/catalogue/category/books/childrens_11/page-2.html,Green Eggs and Ham ...,https://books.toscrape.com/catalogue/green-eggs-and-ham-beginner-books-b-16_165/index.html,https://books.toscrape.com//media/cache/3a/0e/3a0e75e4f758f90a80965869afbe41b4.jpg,"UPC : 621e2c310cec8d32 ,","Product Type : Books ,","Price (excl. tax) : £10.79 ,","Price (incl. tax) : £10.79 ,","Tax : £0.00 ,","Availability : In stock (3 available) ,","Number of reviews : 0 ,","“Do you like green eggs and ham?” asks Sam-I-am in this Beginner Book by Dr. Seuss. In a house or with a mouse? In a boat or with a goat? On a train or in a tree? Sam keeps asking persistently. With unmistakable characters and signature rhymes, Dr. Seuss’s beloved favorite has cemented its place as a children’s classic. In this most famous of cumulative tales, the list of “Do you like green eggs and ham?” asks Sam-I-am in this Beginner Book by Dr. Seuss. In a house or with a mouse? In a boat or with a goat? On a train or in a tree? Sam keeps asking persistently. With unmistakable characters and signature rhymes, Dr. Seuss’s beloved favorite has cemented its place as a children’s classic. In this most famous of cumulative tales, the list of places to enjoy green eggs and ham, and friends to enjoy them with, gets longer and longer. Follow Sam-I-am as he insists that this unusual treat is indeed a delectable snack to be savored everywhere and in every way. Originally created by Dr. Seuss, Beginner Books encourage children to read all by themselves, with simple words and illustrations that give clues to their meaning. ...more"
Childrens,https://books.toscrape.com/catalogue/category/books/childrens_11/page-2.html,Counting Thyme,https://books.toscrape.com/catalogue/counting-thyme_142/index.html,https://books.toscrape.com//media/cache/e0/ae/e0ae97753a73b88b61b13b19977613dc.jpg,"UPC : 157f693d9e600ccc ,","Product Type : Books ,","Price (excl. tax) : £10.62 ,","Price (incl. tax) : £10.62 ,","Tax : £0.00 ,","Availability : In stock (3 available) ,","Number of reviews : 0 ,","When eleven-year-old Thyme Owens’ little brother, Val, is accepted into a new cancer drug trial, it’s just the second chance that he needs. But it also means the Owens family has to move to New York, thousands of miles away from Thyme’s best friend and everything she knows and loves. The island of Manhattan doesn’t exactly inspire new beginnings, but Thyme tries to embrace When eleven-year-old Thyme Owens’ little brother, Val, is accepted into a new cancer drug trial, it’s just the second chance that he needs. But it also means the Owens family has to move to New York, thousands of miles away from Thyme’s best friend and everything she knows and loves. The island of Manhattan doesn’t exactly inspire new beginnings, but Thyme tries to embrace the change for what it is: temporary.After Val’s treatment shows real promise and Mr. Owens accepts a full-time position in the city, Thyme has to face the frightening possibility that the move to New York is permanent. Thyme loves her brother, and knows the trial could save his life—she’d give anything for him to be well—but she still wants to go home, although the guilt of not wanting to stay is agonizing. She finds herself even more mixed up when her heart feels the tug of new friends, a first crush, and even a crotchety neighbor and his sweet whistling bird. All Thyme can do is count the minutes, the hours, and days, and hope time can bring both a miracle for Val and a way back home. ...more"
Childrens,https://books.toscrape.com/catalogue/category/books/childrens_11/page-2.html,Are We There Yet?,https://books.toscrape.com/catalogue/are-we-there-yet_122/index.html,https://books.toscrape.com//media/cache/f8/be/f8be3238a1cf039a3e7d50de1d4c2cfd.jpg,"UPC : ef9c4f2465513956 ,","Product Type : Books ,","Price (excl. tax) : £10.66 ,","Price (incl. tax) : £10.66 ,","Tax : £0.00 ,","Availability : In stock (3 available) ,","Number of reviews : 0 ,","Caldecott Medalist Dan Santat takes readers on the road trip of a lifetime!""Are we there yet?"" Every parent has heard this classic kid question on a long car ride--and after reading this astonishingly inventive new book (that even turns upside down for several pages!), you'll never look at being bored the same way again.Let's face it: everyone knows that car rides can be b Caldecott Medalist Dan Santat takes readers on the road trip of a lifetime!""Are we there yet?"" Every parent has heard this classic kid question on a long car ride--and after reading this astonishingly inventive new book (that even turns upside down for several pages!), you'll never look at being bored the same way again.Let's face it: everyone knows that car rides can be boring. And when things get boring, time slows down. In this book, a boy feels time slowing down so much that it starts going backward--into the time of pirates! Of princesses! Of dinosaurs! The boy was just trying to get to his grandmother's birthday party, but instead he's traveling through Ancient Egypt and rubbing shoulders with Ben Franklin. When time flies, who knows where--or when--he'll end up. ...more"
Childrens,https://books.toscrape.com/catalogue/category/books/childrens_11/page-2.html,Diary of a Minecraft ...,https://books.toscrape.com/catalogue/diary-of-a-minecraft-zombie-book-1-a-scare-of-a-dare-an-unofficial-minecraft-book_99/index.html,https://books.toscrape.com//media/cache/47/16/47160ff71abe23cb52968b3d1b9b7988.jpg,"UPC : d7b463918d3b8c39 ,","Product Type : Books ,","Price (excl. tax) : £52.88 ,","Price (incl. tax) : £52.88 ,","Tax : £0.00 ,","Availability : In stock (2 available) ,","Number of reviews : 0 ,","Diary of a Minecraft Zombie Has a Fresh New Look! Ever wonder what it would be like to be a Minecraft Zombie? In the first book of this hilarious Minecraft adventure series, we get to read the diary of an actual 12 year old, Minecraft Zombie. Take a peek at what is really going on between the hollow eyes, and dead expression that we normally see when we face the dreaded Z Diary of a Minecraft Zombie Has a Fresh New Look! Ever wonder what it would be like to be a Minecraft Zombie? In the first book of this hilarious Minecraft adventure series, we get to read the diary of an actual 12 year old, Minecraft Zombie. Take a peek at what is really going on between the hollow eyes, and dead expression that we normally see when we face the dreaded Zombies of Minecraft. Are Zombies really different from us? You'll be surprised at what you discover. So, jump into this Minecraft adventure and find out!. Diary of a Zombie is a must-read for any kid who loves Minecraft. Kids ages 7+ can't wait to jump into to these Minecraft adventures! Get Your Copy Today! ...more"
Childrens,https://books.toscrape.com/catalogue/category/books/childrens_11/page-2.html,Matilda,https://books.toscrape.com/catalogue/matilda_32/index.html,https://books.toscrape.com//media/cache/03/47/0347bd215f4813edd81c2cd76bab53ca.jpg,"UPC : 1053fb7ee17a1f33 ,","Product Type : Books ,","Price (excl. tax) : £28.34 ,","Price (incl. tax) : £28.34 ,","Tax : £0.00 ,","Availability : In stock (1 available) ,","Number of reviews : 0 ,","Matilda is a little girl who is far too good to be true. At age five-and-a-half she's knocking off double-digit multiplication problems and blitz-reading Dickens. Even more remarkably, her classmates love her even though she's a super-nerd and the teacher's pet. But everything is not perfect in Matilda's world. For starters she has two of the most idiotic, self-centered pa Matilda is a little girl who is far too good to be true. At age five-and-a-half she's knocking off double-digit multiplication problems and blitz-reading Dickens. Even more remarkably, her classmates love her even though she's a super-nerd and the teacher's pet. But everything is not perfect in Matilda's world. For starters she has two of the most idiotic, self-centered parents who ever lived. Then there's the large, busty nightmare of a school principal, Mrs. (""The"") Trunchbull, a former hammer-throwing champion who flings children at will and is approximately as sympathetic as a bulldozer. Fortunately for Matilda, she has the inner resources to deal with such annoyances: astonishing intelligence, saintly patience, and an innate predilection for revenge.She warms up with some practical jokes aimed at her hapless parents, but the true test comes when she rallies in defense of her teacher, the sweet Miss Honey, against the diabolical Trunchbull. There is never any doubt that Matilda will carry the day. Even so, this wonderful story is far from predictable. Roald Dahl, while keeping the plot moving imaginatively, also has an unerring ear for emotional truth. The reader cares about Matilda because in addition to all her other gifts, she has real feelings. ...more"
Childrens,https://books.toscrape.com/catalogue/category/books/childrens_11/page-2.html,Charlie and the Chocolate ...,https://books.toscrape.com/catalogue/charlie-and-the-chocolate-factory-charlie-bucket-1_13/index.html,https://books.toscrape.com//media/cache/d6/cc/d6cc0c66e34dfc214b406208bbaf18e2.jpg,"UPC : 1774749f2cee292f ,","Product Type : Books ,","Price (excl. tax) : £22.85 ,","Price (incl. tax) : £22.85 ,","Tax : £0.00 ,","Availability : In stock (1 available) ,","Number of reviews : 0 ,","Complete with stunning new movie art for the cover, and an eight-page full-color insert of stills from director Tim Burton's new adaptation, Dahl's treasured novel appears unabridged in this tie-in edition."
